"","DNUM_IC","ASUNTO","MESES_CONSUMO","IMPORTE_ACUMULADO","IMPORTE_ULTIMO_MES","ULTIMO_MES","TIPO_AMPARO"
"1",1000502992,95361,8,2419784636.21,220882084.22,202502,"MAC"
"2",2001851289,113294,19,2152708639.88,97840495.52,202510,"MAC"
"3",2003561525,103089,11,1883267674.67,171205543.77,202509,"MAC"
"4",1000383520,115355,27,1737487098.84,85602771.88,202510,"MAC"
"5",2000132383,45418,29,1549538354.16,63571.17,202509,"MAC"
"6",2002186003,113237,5,1197300228.74,212650099.04,202505,"MAC"
"7",2002965984,101964,7,1154651909.41,289753750.13,202509,"MAC"
"8",2002758173,99771,5,1140716706.47,221559634.06,202507,"MAC"
"9",2003021529,108579,26,1122035354.09,519860.94,202509,"MAC"
"10",1500441685,112530,7,1077507491.74,7526753.7,202505,"MAC"
"11",2002718760,112468,7,1066565934.5,225868887.27,202507,"MAC"
"12",2002714036,94357,17,1065971625.84,73960077.87,202508,"MAC"
"13",2003200851,109851,22,1051785421.54,48920247.76,202510,"MAC"
"14",2002446189,60793,5,964345625.25,122609167.46,202410,"MAC"
"15",2000172904,134142,28,957507325.52,33004092.6,202509,"MAC"
"16",2003326395,114439,19,889862176.39,522522,202508,"MAC"
"17",2003759625,121540,7,834546353.23,279622500.08,202509,"MAC"
"18",1000167266,133707,28,780066141.61,32311854.46,202509,"MAC"
"19",2002077154,103933,4,770395319.75,204030449.73,202506,"MAC"
"20",2001611838,130408,28,761464316.3,25540075.78,202510,"MAC"
"21",1002764096,118208,30,760079052.89,67003664.07,202510,"MAC"
"22",2001316443,114325,29,730917204.58,36510024.93,202510,"MAC"
"23",2002448833,99597,12,721099952.14,7688.68,202508,"MAC"
"24",2002448834,99597,4,721037518.81,199876555.07,202506,"MAC"
"25",2003266128,106631,23,704998930.52,36394769.07,202508,"MAC"
"26",1500182216,127693,8,660354304.23,73372700.47,202509,"MAC"
"27",2001386536,125044,22,596840763.12,20578878.46,202509,"MAC"
"28",2002726793,111046,3,593195334.78,148977368.23,202505,"MAC"
"29",1002286970,122961,12,563585123.5,42122286.01,202407,"MAC"
"30",1002750368,130947,23,550170449.16,25718307.18,202509,"MAC"
"31",1003020959,126180,28,536103105.57,30640793.08,202509,"MAC"
"32",1500489177,130824,25,530091335.23,30700115.57,202509,"MAC"
"33",2002917532,127139,13,526421929.7,36745460.69,202510,"MAC"
"34",2003483937,128508,25,513565120.12,30753370.1,202509,"MAC"
"35",2003483937,140263,25,513565120.12,30753370.1,202509,"MAC"
"36",2000495715,131226,16,470933493.89,26274367.19,202509,"MAC"
"37",1000580638,128196,26,459327621.44,15315639.9,202510,"MAC"
"38",2000359828,137993,22,458403656.96,24774868.52,202510,"MAC"
"39",1500374148,131274,24,442816677.06,20424683.3,202509,"MAC"
"40",1002815622,125898,26,427455182.77,21677946.42,202509,"MAC"
"41",2000206585,125728,26,421278223.04,65022.23,202510,"MAC"
"42",2001092481,127730,21,418900818.06,20398852.14,202504,"MAC"
"43",2003945988,128322,6,415775838.63,147014.98,202506,"MAC"
"44",1002890533,141054,26,408684969.52,1945926.73,202508,"MAC"
"45",2001528291,126926,11,407856438.81,38891409.68,202509,"MAC"
"46",2001321951,116094,30,404658039.44,58388.43,202510,"MAC"
"47",1002261353,39515,8,382561292.45,51065523,202507,"MAC"
"48",2001801129,122962,28,376511806.38,10555020,202509,"MAC"
"49",2002763768,47246,29,373265069.87,203239.77,202510,"MAC"
"50",1500479834,126507,6,367333895.35,73372700.47,202510,"MAC"
"51",1002853729,132251,13,365841176.37,65998709.42,202509,"MAC"
"52",2003170446,137719,13,364006989.5,51065523,202506,"MAC"
"53",2003546390,115386,19,363767318.63,1184107.42,202509,"MAC"
"54",1002197371,122796,18,358840450.61,735679.78,202508,"MAC"
"55",2003590718,133132,19,358010306.62,126478737.64,202509,"MAC"
"56",2001932639,126777,26,357195669.63,15291491.97,202509,"MAC"
"57",2000384042,91365,7,357087900.53,51065523,202508,"MAC"
"58",1003011594,123405,8,356465520.64,51065523,202509,"MAC"
"59",2001445562,124768,27,354659347.54,15390605.89,202509,"MAC"
"60",2001225219,36031,12,350167815.49,6047056.78,202406,"MAC"
"61",1002258990,131197,15,350120641.06,3876,202509,"MAC"
"62",1000679592,132024,21,348478811.79,78164.49,202508,"MAC"
"63",2003266288,116538,12,336427065.73,924889.36,202510,"MAC"
"64",1002513870,133332,22,334373725.11,57343134.97,202504,"MAC"
"65",1002449392,127790,24,331256633.65,33018576.15,202509,"MAC"
"66",1002847068,130104,13,330005894.32,32999354.71,202509,"MAC"
"67",2001838340,140031,27,325483139.16,37147.08,202510,"MAC"
"68",2003163225,141613,6,322154386.01,51065523,202504,"MAC"
"69",2003025543,66791,6,312083141.28,51231140.59,202505,"MAC"
"70",2000384043,41886,7,309981700.36,51065523,202507,"MAC"
"71",2003076043,129425,26,300271052.16,119215,202508,"MAC"
"72",2000337589,119063,28,299351404.71,9993.5,202509,"MAC"
"73",2001853880,133230,4,293490801.88,73372700.47,202510,"MAC"
"74",2000085637,129090,13,291997038.76,36394769.07,202509,"MAC"
"75",2001192597,130600,12,291673344.71,36451442.93,202509,"MAC"
"76",2003527524,140290,1,288639312.3,288639312.3,202509,"MAC"
"77",2003760536,131384,23,287652314.65,4407204.24,202508,"MAC"
"78",1502043151,131775,17,285899981.23,27960.33,202508,"MAC"
"79",1500221091,128963,6,284791345.45,72763764.21,202508,"MAC"
"80",1500272385,128536,27,283589462.54,14277185.38,202509,"MAC"
"81",2002126516,140178,14,282585471.87,15208412.04,202510,"MAC"
"82",1002960017,130179,10,280991565.12,14372.36,202510,"MAC"
"83",1002869517,131264,24,278304759.36,1518465.98,202510,"MAC"
"84",1500199955,126009,21,255697555.28,8147783.84,202510,"MAC"
"85",2002423066,130563,10,255372296.73,35326093.74,202508,"MAC"
"86",2001796677,54750,5,253985461.46,49619418.23,202501,"MAC"
"87",1500014281,127131,11,250325013.71,36394769.07,202508,"MAC"
"88",2003658520,133969,5,243123184.36,242601935.83,202508,"MAC"
"89",2000861958,132573,25,240095897.91,33992.6,202509,"MAC"
"90",2000057365,123933,9,231056570.18,18185323.35,202406,"MAC"
"91",2003946332,137235,4,227972313.94,55468.58,202508,"MAC"
"92",2001903718,117089,19,227805561.82,22422673.11,202502,"MAC"
"93",2001903718,131561,19,227805561.82,22422673.11,202502,"MAC"
"94",2000140347,139139,28,225432443.28,32922.65,202510,"MAC"
"95",1500255014,134621,23,221966341.3,78863.82,202506,"MAC"
"96",2000967376,135888,21,220524182.96,2942267.21,202508,"MAC"
"97",2003079088,133960,27,219907577.28,28550967.7,202509,"MAC"
"98",1500350238,123736,28,214627851.97,4262623.58,202510,"MAC"
"99",2000663904,140097,13,211790908.28,22743918.61,202509,"MAC"
"100",1002761440,135923,24,206415393.74,6417692.02,202510,"MAC"
"101",1503464032,95011,14,205282615.37,16036954.97,202412,"MAC"
"102",2003889619,128186,3,205188173.54,51065523,202412,"MAC"
"103",2000483473,130611,19,203859840.64,162099.87,202510,"MAC"
"104",1000535642,115779,15,202940635.3,5178078.32,202407,"MAC"
"105",2000738283,139224,28,201909213.76,16243417.84,202508,"MAC"
"106",2000055237,126891,24,201243744.05,4858503.36,202508,"MAC"
"107",1502236375,135398,29,199982780.38,27162,202510,"MAC"
"108",2001059263,130681,8,199030416.17,478061.71,202509,"MAC"
"109",2000644298,135495,17,198879742.99,4792996.22,202505,"MAC"
"110",1002954316,130007,22,196194477.4,322.82,202509,"MAC"
"111",2002666776,129823,10,191024416.67,3508.71,202509,"MAC"
"112",2000010866,107345,14,188264772.5,115255.86,202509,"MAC"
"113",1000569011,134314,23,186727324.76,22558188.42,202510,"MAC"
"114",2001978213,139253,17,183065508.89,92707.79,202508,"MAC"
"115",2001986900,134103,23,181931215.9,614389.96,202510,"MAC"
"116",2000125406,133471,20,176454477.07,63845369.8,202508,"MAC"
"117",2001774860,124696,17,170552277.4,16568636.69,202409,"MAC"
"118",2000743712,133506,22,168578362.91,1032541.29,202507,"MAC"
"119",1000553523,109346,13,166478699.49,229421.09,202405,"MAC"
"120",1500423921,123340,22,166062973.92,22943194.25,202508,"MAC"
"121",1002136412,130162,7,165101304.57,32999354.71,202506,"MAC"
"122",2000010824,120219,25,164264380.75,6102694.11,202505,"MAC"
"123",1000692617,137991,6,162062259.56,53689565.03,202509,"MAC"
"124",2003059753,125129,12,154664293.15,74044,202408,"MAC"
"125",2000554753,123253,10,154483331.47,75535571.87,202506,"MAC"
"126",2000966565,131243,24,146833152.49,3721541.95,202510,"MAC"
"127",2002928795,123789,15,146349897.21,119266.7,202412,"MAC"
"128",1000625280,115664,10,145751096.29,608539.99,202404,"MAC"
"129",1500526152,128159,15,145584007.3,2165273.54,202510,"MAC"
"130",2001259445,139015,29,143795626.05,9490010.4,202510,"MAC"
"131",1002739141,139252,28,132221284.52,4331492.19,202509,"MAC"
"132",1002478783,130338,6,132203022.95,33005243.88,202504,"MAC"
"133",1002876785,128509,29,132007720.94,1244182.26,202509,"MAC"
"134",1002755714,133472,3,131997418.84,32999354.71,202509,"MAC"
"135",1002352081,120717,15,130010852.92,14039224.2,202504,"MAC"
"136",2000950699,133374,20,129757666.53,16477.55,202510,"MAC"
"137",1002935601,139096,24,128092819.14,671922.33,202509,"MAC"
"138",1002756283,130344,22,127837944.76,4245900.62,202503,"MAC"
"139",2001411137,122728,17,125773126.46,8910081.82,202509,"MAC"
"140",1000605289,103694,23,125619041.72,395402.4,202508,"MAC"
"141",1002347175,114800,19,125595570.87,9644382.78,202412,"MAC"
"142",2002485451,141248,14,125448189.41,129751.89,202508,"MAC"
"143",1002608471,134725,14,121661657.88,55435351.79,202509,"MAC"
"144",1000246725,133161,9,114212294.8,14603420.25,202510,"MAC"
"145",2001574599,113921,26,113003247.19,4062090.48,202508,"MAC"
"146",1002789546,131099,18,111750071.73,23451161.65,202508,"MAC"
"147",2000087151,130182,23,109524196.62,951582.16,202505,"MAC"
"148",2000087151,134660,23,109524196.62,951582.16,202505,"MAC"
"149",1002567911,135113,15,109334443.74,17666938.72,202509,"MAC"
"150",1500357009,133543,21,109183526.5,1255454.66,202510,"MAC"
"151",1002285468,139940,18,108830152.83,35788.04,202510,"MAC"
"152",2000252109,114489,9,107978233.18,15297050.03,202406,"MAC"
"153",2001012279,134053,19,105331755.74,15313182.04,202507,"MAC"
"154",1000695106,109317,24,104657223.42,3876193.46,202509,"MAC"
"155",1502699965,123587,9,103342678.32,15291491.97,202412,"MAC"
"156",1502699965,124629,9,103342678.32,15291491.97,202412,"MAC"
"157",1002222559,129949,24,103287180.69,23834375,202509,"MAC"
"158",1000714721,116246,17,101924865.5,97959.79,202503,"MAC"
"159",2002774645,124262,29,100605240.18,3469773.25,202509,"MAC"
"160",1000141137,120232,9,99536612.79,19658.3,202509,"MAC"
"161",1000141137,140257,9,99536612.79,19658.3,202509,"MAC"
"162",2000318614,141170,26,98982203.17,10249944.17,202509,"MAC"
"163",1000386847,110303,14,98374532.23,6986173.51,202508,"MAC"
"164",2003055564,135508,15,96608602.47,39316.59,202510,"MAC"
"165",2000212798,132813,20,95610323.3,45707.31,202504,"MAC"
"166",1002093912,139754,19,94025040.84,25566397.63,202509,"MAC"
"167",2000669588,141501,11,90897056.27,16495282.62,202507,"MAC"
"168",2002069428,113515,20,89152449.58,7752386.92,202509,"MAC"
"169",2000352763,114908,17,88967356.31,239771.13,202412,"MAC"
"170",1002351096,125357,26,88793153.26,1073274.87,202509,"MAC"
"171",1000676453,130142,19,86379582.71,2280158.3,202501,"MAC"
"172",2001312346,119932,28,85939993.04,5482007.3,202509,"MAC"
"173",2000531661,134410,17,81882839.05,6183496.35,202509,"MAC"
"174",1003526460,112142,23,81524581.88,3876193.46,202509,"MAC"
"175",1500167977,118988,21,80628188.55,16054.27,202510,"MAC"
"176",2002765906,119582,5,78838748.45,19868862.53,202410,"MAC"
"177",2000815056,131354,14,78509885.48,125671.61,202502,"MAC"
"178",1002794379,141096,16,78107559.97,1076966.98,202509,"MAC"
"179",1000294083,133346,25,78044741.11,25730.55,202510,"MAC"
"180",1002758849,137484,17,76873349.31,30626364.06,202509,"MAC"
"181",2002965428,112208,4,74171163.93,536867.59,202402,"MAC"
"182",1003005316,102931,21,73655781.17,3630.04,202507,"MAC"
"183",2000454636,129149,25,72743925.64,74044,202507,"MAC"
"184",1500427872,136856,23,71361693.93,15391346.53,202508,"MAC"
"185",1500490707,140683,14,69970009.69,16366273.41,202507,"MAC"
"186",2003259890,110026,30,69417233.63,254604.38,202510,"MAC"
"187",2000692023,138382,9,67316273.55,66147729.19,202509,"MAC"
"188",2000141725,140692,8,67186026.4,5065221.44,202510,"MAC"
"189",2000267590,132645,20,65630724.22,2553286.74,202506,"MAC"
"190",1000613169,125385,7,64826136.38,130631.54,202504,"MAC"
"191",2001482663,134805,13,63829248.93,1718804.96,202509,"MAC"
"192",1500544860,135469,7,63687625.78,140277,202508,"MAC"
"193",1000444629,127928,22,62043568.56,1433302.39,202510,"MAC"
"194",1002484308,112291,16,62022590.16,3876193.46,202509,"MAC"
"195",1502963244,141590,24,60227903.16,140547.79,202507,"MAC"
"196",2000236553,138811,26,59988181.54,29471922.33,202509,"MAC"
"197",2003784720,119712,24,59430661.67,893223.26,202509,"MAC"
"198",2000643492,126159,3,58930528.21,70705.73,202405,"MAC"
"199",2000312229,112407,22,58329712.84,73499.07,202510,"MAC"
"200",2000312229,116297,22,58329712.84,73499.07,202510,"MAC"
"201",2000120021,123971,12,58164450.07,3876193.46,202509,"MAC"
"202",2000290692,130719,20,57962718.94,226858.31,202505,"MAC"
"203",1002361884,138093,11,56682380.15,16184303.66,202509,"MAC"
"204",2001782705,136732,25,53924520.29,24045232.09,202508,"MAC"
"205",1002223723,130862,15,53685381.19,2389603.04,202509,"MAC"
"206",1500484268,126899,18,52745284.48,3876193.46,202509,"MAC"
"207",1002601392,115765,14,52039541.97,5071587.95,202409,"MAC"
"208",1002181929,128883,13,49433135.04,48213223.42,202412,"MAC"
"209",2000108848,120715,15,47787384.61,3180432.07,202508,"MAC"
"210",1000463515,128996,11,46536515.08,3876193.46,202509,"MAC"
"211",2001553220,121698,12,46518665.64,3876193.46,202509,"MAC"
"212",1002438396,138415,10,45457713.66,16645016.82,202510,"MAC"
"213",2002461469,129269,20,45100374.49,3319153.69,202510,"MAC"
"214",1002284951,125032,4,44817363.73,44731985.22,202406,"MAC"
"215",2003305966,117676,29,43507890.27,125701.24,202509,"MAC"
"216",2003740122,121907,12,42649299.92,3876193.46,202504,"MAC"
"217",1000057601,130372,11,42649032.1,3876193.46,202509,"MAC"
"218",2000514095,102225,10,42638128.06,3876193.46,202403,"MAC"
"219",1002716060,138586,13,41925773.63,54956.22,202508,"MAC"
"220",2002217592,91748,28,41448922.05,1521477.62,202509,"MAC"
"221",2000179802,132892,3,41149780.21,291323.64,202504,"MAC"
"222",2000576723,138640,1,40721301.96,40721301.96,202507,"MAC"
"223",2001162179,122571,24,40034053.49,387304.56,202505,"MAC"
"224",2003187283,122984,20,39200492.4,2367174.18,202509,"MAC"
"225",2000204724,110778,21,38363653.09,1611905.08,202507,"MAC"
"226",1502358029,121682,15,35019774.16,4762167.4,202509,"MAC"
"227",2000304790,124550,13,34917137.72,3876193.46,202509,"MAC"
"228",2001469285,131054,26,33877610.49,309594.11,202509,"MAC"
"229",2000950683,114267,25,33702936.95,106899.88,202510,"MAC"
"230",2000912865,138294,10,32560419.56,736656.12,202509,"MAC"
"231",1002260557,129797,11,32308974.63,15586379.55,202501,"MAC"
"232",1002811531,132594,7,31477446.1,6444033.33,202509,"MAC"
"233",1000623724,122170,15,30323327.02,1611905.08,202509,"MAC"
"234",2000233729,111973,16,30317807.59,3497521.72,202509,"MAC"
"235",1003013561,141181,10,30296230.72,10932391.38,202510,"MAC"
"236",2000306350,115165,12,29934250.93,1140417.38,202407,"MAC"
"237",1500425021,111151,5,29779938.04,19222.11,202310,"MAC"
"238",2000451520,114104,20,28825472.29,999851.05,202509,"MAC"
"239",1002401900,139799,26,28139301.66,213543.83,202508,"MAC"
"240",1002685770,140868,15,27751775.19,16818.76,202510,"MAC"
"241",1002745486,102216,11,27631410.07,3980281.17,202507,"MAC"
"242",1003648542,130516,10,27160535,3876193.46,202509,"MAC"
"243",1500237718,113512,7,27029638.48,3508.71,202312,"MAC"
"244",1002925393,100703,2,26866593.53,10329556.78,202401,"MAC"
"245",2000682606,135119,10,25660569.84,6241616.68,202508,"MAC"
"246",1002713168,134432,6,24861130.21,6234933.43,202508,"MAC"
"247",1500684817,123678,8,24205772.27,3157.06,202502,"MAC"
"248",1500030785,141456,16,23828444.73,5044700.93,202505,"MAC"
"249",1500259513,134187,8,23746122.6,7290.31,202510,"MAC"
"250",1003652379,121258,6,23257160.76,3876193.46,202509,"MAC"
"251",2000167099,125285,6,23257160.76,3876193.46,202509,"MAC"
"252",2000100818,122315,9,22879431.85,604477.03,202405,"MAC"
"253",2000855843,128229,2,22797661.1,12200728.28,202412,"MAC"
"254",2000954143,131735,10,21969686.12,17666939.9,202502,"MAC"
"255",1002518698,126646,15,21894487.78,1655834.51,202509,"MAC"
"256",1002830682,133395,20,21209483.36,3180432.07,202509,"MAC"
"257",2002132740,133184,7,20979003.57,6986173.51,202509,"MAC"
"258",2001198470,131102,16,20882636.85,3778201.13,202507,"MAC"
"259",2000121794,129778,9,20743437.46,5074683.79,202411,"MAC"
"260",1500631539,124080,12,20389644.36,1611905.08,202507,"MAC"
"261",2001831601,128622,12,19889947.88,3876193.46,202509,"MAC"
"262",2001330043,135309,8,19789880.38,3876193.46,202507,"MAC"
"263",2003527397,118124,8,19543075.66,30.35,202508,"MAC"
"264",1003597568,126038,7,19131363.26,3180432.07,202505,"MAC"
"265",1002610547,138721,25,19036758.75,671922.33,202510,"MAC"
"266",2002153394,131398,5,17120062.75,5572784.18,202503,"MAC"
"267",2001922734,140656,7,16383943,15631194.64,202509,"MAC"
"268",2000575746,122867,16,15231819.56,122293.13,202507,"MAC"
"269",2000980951,82595,28,15010208.92,536078.89,202509,"MAC"
"270",1002528797,104148,15,14231191.4,619441.95,202509,"MAC"
"271",1500421772,127014,7,13744357.86,1606850.04,202505,"MAC"
"272",1500351975,109282,25,13602994.21,268039.45,202509,"MAC"
"273",2001710450,139242,17,13025666.32,26398.88,202509,"MAC"
"274",2000729665,133546,3,12451151.01,6234933.43,202508,"MAC"
"275",2000241998,108553,11,12169183.12,2501752.37,202508,"MAC"
"276",1500023004,130639,3,11846309.15,11699353.5,202501,"MAC"
"277",1500391509,131430,1,11127173.44,11127173.44,202411,"MAC"
"278",2000648953,113285,8,10852004.4,290384.66,202312,"MAC"
"279",1002725229,139159,7,10221205.35,1678870.59,202506,"MAC"
"280",2000526198,108284,25,9984461.76,402059.17,202509,"MAC"
"281",2001080518,113544,20,9812645.66,536078.89,202509,"MAC"
"282",2003632559,108482,26,9716376.51,402059.17,202509,"MAC"
"283",1502461014,117387,10,9437286.8,21648,202510,"MAC"
"284",1002691335,87468,20,9312660.09,21987.07,202506,"MAC"
"285",1002373855,135779,3,9173892,1266817.77,202508,"MAC"
"286",1000620850,135343,16,9070595.21,1147890.72,202509,"MAC"
"287",1002323229,120719,12,8794510.84,1144331.06,202506,"MAC"
"288",2000078109,131301,14,8634742.87,355574.88,202507,"MAC"
"289",2000623019,123918,15,8395994.98,1072157.78,202509,"MAC"
"290",2002050276,103514,2,8371946.04,562494.12,202312,"MAC"
"291",2002462019,127184,11,8056628.35,81871.34,202507,"MAC"
"292",2001357834,122482,12,8041152.82,536078.89,202509,"MAC"
"293",2000024000,122466,10,7979318.32,77423.86,202509,"MAC"
"294",1002746927,118037,26,7940810.57,43654.49,202509,"MAC"
"295",1000439906,134441,9,7760390.88,1282194.8,202501,"MAC"
"296",1500042949,138547,1,7752386.92,7752386.92,202508,"MAC"
"297",2001006857,139147,2,7752386.92,3876193.46,202509,"MAC"
"298",1002949783,130497,8,7441379.72,78164.49,202509,"MAC"
"299",1002294116,113198,22,7020045.46,525281.11,202509,"MAC"
"300",2003237741,122378,14,7005028.37,2839.53,202508,"MAC"
"301",1500319189,109600,25,6586876.39,268024.18,202509,"MAC"
"302",1000648606,125696,11,6502095.32,90805.11,202504,"MAC"
"303",2000333252,121262,13,6030887.55,402059.17,202509,"MAC"
"304",1002601507,126575,13,5933427.16,679577.43,202510,"MAC"
"305",2003026422,122321,7,5673048.69,73150.06,202412,"MAC"
"306",2000600534,141003,4,5488053.36,9977.68,202510,"MAC"
"307",2001014397,137984,4,5460742.74,5212135.74,202507,"MAC"
"308",1002794987,137504,6,5395124.69,2417857.62,202510,"MAC"
"309",1002915172,124065,12,5237834.92,536078.89,202508,"MAC"
"310",2001842363,119058,6,4487791.75,1724323.53,202503,"MAC"
"311",2000656705,141260,4,4326801.43,2224475.56,202509,"MAC"
"312",2000143621,139569,3,4227298.56,3876193.46,202509,"MAC"
"313",2000922001,119612,4,4170307.52,490946.36,202506,"MAC"
"314",1502931061,121727,13,4024738.23,268039.45,202509,"MAC"
"315",1500241026,110620,20,3892748.74,311506.93,202508,"MAC"
"316",2000686328,121315,10,3862869.89,536078.89,202509,"MAC"
"317",2000957872,128860,8,3637664.38,536078.89,202509,"MAC"
"318",1002970380,131800,9,3541332.96,536078.89,202509,"MAC"
"319",1002768480,126685,9,3500418.08,13625.74,202410,"MAC"
"320",1002398923,123428,12,3484512.82,402059.17,202509,"MAC"
"321",1500182847,130694,7,3350386.26,536078.89,202508,"MAC"
"322",2000759196,122418,5,3216473.34,536078.89,202508,"MAC"
"323",2002176884,131840,7,3216427.56,536078.89,202509,"MAC"
"324",1500004493,139360,9,2989625.94,54802.49,202505,"MAC"
"325",1000667592,130945,5,2580832.53,856385,202507,"MAC"
"326",2001513614,141630,3,2173763.06,811322.11,202508,"MAC"
"327",1500514141,134970,6,1943764.42,323726.32,202509,"MAC"
"328",1003651010,117819,7,1876062.44,268008.92,202506,"MAC"
"329",1502291303,119707,16,1820430.7,7652.81,202510,"MAC"
"330",2001196306,116585,16,1742210.58,134019.72,202509,"MAC"
"331",1500466864,98849,22,1715537.02,73150.06,202507,"MAC"
"332",1100004425,120054,9,1676925.23,201021.95,202509,"MAC"
"333",1002970344,139870,6,1611210.09,470393,202501,"MAC"
"334",2000234536,111071,5,1594026.65,29915.7,202408,"MAC"
"335",1002000665,111423,6,1447434.34,1.98,202402,"MAC"
"336",2001095608,134476,11,1439066.81,17692.47,202510,"MAC"
"337",2002728732,138184,11,1394902.2,419655.62,202509,"MAC"
"338",1000647127,137416,3,1393512.41,126618.49,202503,"MAC"
"339",2001110389,130038,4,1388703.35,349661.21,202411,"MAC"
"340",2002498812,122963,10,1358666.94,134004.46,202509,"MAC"
"341",2001355854,138651,22,1322752.96,37800,202510,"MAC"
"342",1000616480,138920,2,1302319.41,498446.23,202502,"MAC"
"343",1002794957,112554,8,1298057.81,338842.98,202509,"MAC"
"344",1002776572,141625,8,1270903.9,125631.4,202507,"MAC"
"345",1002264608,139328,4,1252795.41,1205.79,202506,"MAC"
"346",2002015351,126842,11,1073872.01,144967.63,202508,"MAC"
"347",1002812342,141521,5,1073524.05,74044,202505,"MAC"
"348",1002821081,137656,2,1072157.78,536078.89,202508,"MAC"
"349",2000026338,109116,2,1038182,946445.02,202509,"MAC"
"350",1002593819,118394,4,1012528.41,25730.56,202510,"MAC"
"351",1002898046,113218,2,992516.77,136131.77,202408,"MAC"
"352",2000458661,138743,3,984021.38,856385,202412,"MAC"
"353",1500334024,118311,4,983582.5,322.82,202509,"MAC"
"354",1002145590,94382,2,957751.9,394718.9,202401,"MAC"
"355",2000003297,125425,8,955493.25,257264.98,202508,"MAC"
"356",2000481938,131626,2,941976.57,856385,202408,"MAC"
"357",1500001119,138985,3,939948.22,469061.4,202509,"MAC"
"358",1000566765,135441,2,934549.49,856385,202502,"MAC"
"359",1500242369,110545,2,897997,470393,202505,"MAC"
"360",1502848747,129568,2,888054.61,31669.61,202409,"MAC"
"361",2000353080,108403,2,877933.17,856385,202507,"MAC"
"362",2000870218,124956,1,856385,856385,202402,"MAC"
"363",1000620648,141495,1,856385,856385,202504,"MAC"
"364",1000549604,138157,3,804568.77,268024.18,202509,"MAC"
"365",1500499744,134407,3,752051.87,658274,202409,"MAC"
"366",1002759217,133098,2,728979.73,658274,202410,"MAC"
"367",1000240915,112888,4,716250.83,125631.4,202509,"MAC"
"368",2001857178,138145,3,603065.85,201021.95,202509,"MAC"
"369",2002086318,136652,3,602353.3,7848.9,202510,"MAC"
"370",2000514669,111908,5,582902.17,160330.31,202509,"MAC"
"371",2000071150,113554,2,548557.49,78164.49,202411,"MAC"
"372",2003829846,131457,4,520942.65,173770.3,202509,"MAC"
"373",1002901137,136547,7,513789.23,80221.79,202505,"MAC"
"374",1500220322,133177,2,496389.09,25996.09,202306,"MAC"
"375",1000675528,132126,6,479572.36,41604.49,202505,"MAC"
"376",1002582933,120608,1,470393,470393,202309,"MAC"
"377",1002949487,118141,2,428929.55,1325.55,202507,"MAC"
"378",2000099763,127605,2,404935.74,299734.8,202410,"MAC"
"379",2001812020,141275,1,402560.44,402560.44,202409,"MAC"
"380",2000312197,111040,5,396607.46,31063.82,202509,"MAC"
"381",1000039675,115395,3,381520.22,235041.46,202410,"MAC"
"382",1003526362,120675,6,380701.71,5023.79,202502,"MAC"
"383",2000553905,134714,3,374952.71,125631.4,202506,"MAC"
"384",2000187413,121925,6,349495.17,77423.86,202506,"MAC"
"385",1002796601,117843,1,346203.94,346203.94,202409,"MAC"
"386",2001076086,136768,4,338063.71,269.66,202409,"MAC"
"387",2001388026,95369,2,333126,222084,202509,"MAC"
"388",2000521376,119698,4,325262.7,80174.91,202408,"MAC"
"389",2000236080,141158,9,319165.74,232472.06,202506,"MAC"
"390",1500384192,124678,3,277323.28,51587.4,202509,"MAC"
"391",2001127008,123363,4,275767.71,78164.49,202409,"MAC"
"392",2000899390,90491,5,244586.26,70705.73,202507,"MAC"
"393",1500293538,130341,2,213952.04,78164.49,202410,"MAC"
"394",1003485868,127268,7,213217.7,39260.58,202505,"MAC"
"395",2000921275,111173,2,207894.73,95285.08,202309,"MAC"
"396",1502438362,140780,3,201695.44,22383.65,202505,"MAC"
"397",2003073992,127349,2,190286.62,95956.44,202408,"MAC"
"398",1000676624,111495,5,188673.18,11275.48,202405,"MAC"
"399",2003617388,135252,3,179084.01,64361,202409,"MAC"
"400",2000127869,125127,4,176216.14,44000,202510,"MAC"
"401",1002309971,138401,1,174491,174491,202408,"MAC"
"402",1002958159,116315,4,171306.82,38088.62,202506,"MAC"
"403",2001137535,121736,3,166596.74,51587.4,202502,"MAC"
"404",2001212609,128649,2,164583.32,82291.66,202506,"MAC"
"405",2001244202,112057,4,164247.04,2402.68,202508,"MAC"
"406",2000044773,106890,3,162509.39,6009.75,202507,"MAC"
"407",2001177369,139980,6,160529.53,77423.86,202411,"MAC"
"408",2001393704,88837,4,155152.25,4425.84,202509,"MAC"
"409",2001393704,88841,4,155152.25,4425.84,202509,"MAC"
"410",1002826379,134272,1,148928.67,148928.67,202506,"MAC"
"411",2000019019,113661,7,148873.82,5436.16,202402,"MAC"
"412",1500182647,111069,2,147811.49,3174.55,202508,"MAC"
"413",1000551146,135796,13,142683.37,36694.07,202510,"MAC"
"414",2002106809,128747,4,141568.83,45443.75,202506,"MAC"
"415",1000539213,76600,1,138318.73,138318.73,202409,"MAC"
"416",1500339376,109816,2,122857.03,121550.45,202411,"MAC"
"417",1002848302,130875,1,121550.45,121550.45,202505,"MAC"
"418",2000654269,124717,3,110118.24,70705.73,202508,"MAC"
"419",1002508898,95173,1,108300.6,108300.6,202305,"MAC"
"420",2003742089,130080,3,92577.7,34544.93,202507,"MAC"
"421",1003559279,133614,3,86126.94,5847.85,202507,"MAC"
"422",1500365705,119065,9,81287.78,30423.33,202510,"MAC"
"423",2001026919,108883,1,80174.91,80174.91,202403,"MAC"
"424",1000632730,109996,2,76177.24,38088.62,202505,"MAC"
"425",2003203957,89147,1,75000,75000,202408,"MAC"
"426",2000439241,137367,1,70705.73,70705.73,202411,"MAC"
"427",2000613653,141190,1,67629.64,67629.64,202503,"MAC"
"428",1002456228,138657,1,67149.73,67149.73,202305,"MAC"
"429",1000374154,138052,3,51813.04,1881.39,202503,"MAC"
"430",2003703994,116842,2,48663.5,3630.56,202406,"MAC"
"431",2001295115,108690,1,47464.28,47464.28,202403,"MAC"
"432",1502610335,139961,2,46949,41604.49,202506,"MAC"
"433",1002170555,118121,1,45413.36,45413.36,202404,"MAC"
"434",2001295442,141563,2,43524.78,38088.62,202505,"MAC"
"435",1002335902,141495,1,43362.43,43362.43,202404,"MAC"
"436",1000636466,115027,1,42190.47,42190.47,202305,"MAC"
"437",1002679859,138670,2,40953.9,33705.69,202409,"MAC"
"438",2001276056,136768,3,40786.91,2929.89,202506,"MAC"
"439",2003570021,109016,5,40765.26,1486.35,202311,"MAC"
"440",2001171561,140877,1,38088.62,38088.62,202505,"MAC"
"441",1002578882,114713,1,35158.73,35158.73,202305,"MAC"
"442",1500484251,135168,2,32277.08,26387.91,202306,"MAC"
"443",2000438392,46844,1,29354.38,29354.38,202405,"MAC"
"444",2001098641,131457,1,25629.35,25629.35,202311,"MAC"
"445",2000540524,128667,2,22705.15,21548.17,202404,"MAC"
"446",1000666416,128365,1,22643.96,22643.96,202409,"MAC"
"447",1000350405,130444,4,21744.64,5436.16,202508,"MAC"
"448",2001904843,122311,1,21548.17,21548.17,202404,"MAC"
"449",1002793698,89899,1,20572.1,20572.1,202412,"MAC"
"450",1002902949,138651,1,18860.66,18860.66,202308,"MAC"
"451",1003619833,126926,1,17832.83,17832.83,202403,"MAC"
"452",1002369275,116296,7,17806.2,2112.6,202503,"MAC"
"453",2002292046,132900,2,16969.88,8478.87,202406,"MAC"
"454",2002006897,112208,2,15867.32,9722.93,202503,"MAC"
"455",1500597231,132401,2,14012.62,4983.15,202405,"MAC"
"456",2001061376,128186,1,10557.61,10557.61,202406,"MAC"
"457",1002865174,130945,1,5436.16,5436.16,202407,"MAC"
"458",1002334950,115067,1,4890.73,4890.73,202404,"MAC"
"459",2000486517,126912,2,4425.91,1747.4,202506,"MAC"
"460",2000217804,127526,2,3193.86,520.56,202503,"MAC"
"461",1002793673,127362,1,2839.53,2839.53,202312,"MAC"
"462",2000015142,133628,1,2441.12,2441.12,202312,"MAC"
"463",2002418903,128065,1,2414.1,2414.1,202411,"MAC"
"464",2001610567,118454,1,2237.69,2237.69,202311,"MAC"
"465",2001975364,137719,1,1972.89,1972.89,202503,"MAC"
"466",1500416818,125725,1,1959.87,1959.87,202509,"MAC"
"467",1000460974,121975,1,1609.4,1609.4,202407,"MAC"
"468",2003342610,121556,1,566.36,566.36,202410,"MAC"
"469",2000040668,118735,1,0,0,202401,"MAC"
