PRODUCTO_PRINCIPAL;SUB_PRODUCTO_PRINCIPAL;GRUPO AMPAROS
Afiliacion;Anulacion de Opcion;Afiliacion
Afiliacion;AUMENTO DE CUOTA - DNU 70/23;Afiliacion
Afiliacion;Aumento de cuota (autorizado por el gobierno y general);Afiliacion
Afiliacion;Baja Conflictiva;Otros
Afiliacion;Cambio de categoria (cuando pasa de rango de edad, x ej de 35 a 36);Afiliacion
Afiliacion;Cambio de categoria 28 anos;Afiliacion
Afiliacion;Cambio de categoria 36 anos;Afiliacion
Afiliacion;Cambio de categoria 65 anos;Afiliacion
Afiliacion;Cuota diferencial;Afiliacion
Afiliacion;Falsedad en la DDJJ;Afiliacion
Afiliacion;Falsedad en la DDJJ - Baja Directa;Afiliacion
Afiliacion;Falsedad en la DDJJ - Recategorizacion;Afiliacion
Afiliacion;Jubilados;Jubilados
Afiliacion;Mayor de 65 anos;Afiliacion
Afiliacion;Movimientos por FTP;Afiliacion
Afiliacion;Negativa de Afiliacion;Afiliacion
Afiliacion;Negativa de Socio obligatorio;Afiliacion
Afiliacion;Opcion;Afiliacion
Afiliacion;Preexistencia;Afiliacion
Afiliacion;RE - Afiliacion;Afiliacion
Afiliacion;Regimen monotributo;Afiliacion
Afiliacion;RIPTE;Afiliacion
Atencion Deficiente;Por OSDE;Otros
Atencion Deficiente;Por Prestador;Otros
Cobertura;Acompanante terapeutico;Discapacidad
Cobertura;AIE - maestra integradora;Discapacidad
Cobertura;Alta sanatorial conflictiva;Otros
Cobertura;Asistente domiciliario;Discapacidad
Cobertura;By Pass Gastrico;Cobertura/Medicamentos
Cobertura;Celiaquia;Cobertura/Medicamentos
Cobertura;Centro de Dia;Discapacidad
Cobertura;Centro Educativo Terapeutico;Discapacidad
Cobertura;Cirugia Cross Linking;Cobertura/Medicamentos
Cobertura;Cirugia de Reasignacion de Sexo;Cobertura/Medicamentos
Cobertura;Cirugia Post By Pass Gastrico;Cobertura/Medicamentos
Cobertura;Cirugia TAVI;Cobertura/Medicamentos
Cobertura;Cirugias;Cobertura/Medicamentos
Cobertura;Cobertura de trasplante;Cobertura/Medicamentos
Cobertura;Cobro de pesos - Cobertura;Otros
Cobertura;Drogadependencia;Cobertura/Medicamentos
Cobertura;Enfermeria;Discapacidad
Cobertura;Equinoterapia;Discapacidad
Cobertura;Escuela comun;Discapacidad
Cobertura;Escuela especial;Discapacidad
Cobertura;Estimulacion temprana;Discapacidad
Cobertura;Estudio de Diagnostico/Laboratorio;Cobertura/Medicamentos
Cobertura;FIV - Cantidad de Intentos;Cobertura/Medicamentos
Cobertura;FIV - Criopreservacion;Cobertura/Medicamentos
Cobertura;FIV - Medicamentos;Cobertura/Medicamentos
Cobertura;FIV - Prestaciones Complementarias;Cobertura/Medicamentos
Cobertura;FIV - Prestador no contratado;Cobertura/Medicamentos
Cobertura;Fonoaudiologia;Discapacidad
Cobertura;Hidroterapia;Discapacidad
Cobertura;Hogar;Geriatrico
Cobertura;Hospital de dia;Cobertura/Medicamentos
Cobertura;Identidad de Genero;Cobertura/Medicamentos
Cobertura;IGRT - Rayos;Cobertura/Medicamentos
Cobertura;IMRT - Rayos;Cobertura/Medicamentos
Cobertura;Insumos;Cobertura/Medicamentos
Cobertura;Internacion domiciliaria;Discapacidad
Cobertura;Internacion en inst. de tercer nivel.;Geriatrico
Cobertura;Internacion en Instituto de Tercer Nivel;Geriatrico
Cobertura;Internacion psiquiatrica;Cobertura/Medicamentos
Cobertura;IVE / Intervencion Voluntaria del Embarazo;Cobertura/Medicamentos
Cobertura;Kinesiologia;Discapacidad
Cobertura;Medicamento;Cobertura/Medicamentos
Cobertura;Medicamento NO PMO;Cobertura/Medicamentos
Cobertura;Musicoterapia;Discapacidad
Cobertura;Neurolinguistica;Discapacidad
Cobertura;Otta - Project;Cobertura/Medicamentos
Cobertura;Plan Materno Infantil (PMI);Cobertura/Medicamentos
Cobertura;Practica NO PMO;Cobertura/Medicamentos
Cobertura;Practica no PMO - Da vinci;Cobertura/Medicamentos
Cobertura;Practica no PMO - FIV;Cobertura/Medicamentos
Cobertura;Practica no PMO - FIV - 50% Pareja no socia;Cobertura/Medicamentos
Cobertura;Practica no PMO - FIV - Banco de gametos;Cobertura/Medicamentos
Cobertura;Practica no PMO - FIV - Cantidad de Intentos;Cobertura/Medicamentos
Cobertura;Practica no PMO - FIV - Prestador no contratado;Cobertura/Medicamentos
Cobertura;Practica no PMO - IMRT / IGRT;Cobertura/Medicamentos
Cobertura;Prestacion no cubierta;Cobertura/Medicamentos
Cobertura;Prestaciones en el Exterior;Cobertura/Medicamentos
Cobertura;PRESTADOR HOSPITAL ITALIANO;Cobertura/Medicamentos
Cobertura;Prestador no contratado;Cobertura/Medicamentos
Cobertura;Protesis y Ortesis - Audifonos/ Procesador del habla;Cobertura/Medicamentos
Cobertura;Protesis y Ortesis - Bomba de insulina;Cobertura/Medicamentos
Cobertura;Protesis y Ortesis - Otros;Cobertura/Medicamentos
Cobertura;Protesis y Ortesis - Protesis importada;Cobertura/Medicamentos
Cobertura;Protesis y Ortesis - Quirurgicas;Cobertura/Medicamentos
Cobertura;Protesis y Ortesis - Silla de ruedas;Discapacidad
Cobertura;Psicologia;Cobertura/Medicamentos
Cobertura;Psicopedagogia;Discapacidad
Cobertura;Reintegro;Cobertura/Medicamentos
Cobertura;Reintegro - SSS Decreto 904/16 Res.887 - E2017 Mecanismo Integracion;Cobertura/Medicamentos
Cobertura;Residencia geriatrica;Geriatrico
Cobertura;Seguimiento Medico;Cobertura/Medicamentos
Cobertura;TCC;Discapacidad
Cobertura;Terapia Ocupacional;Discapacidad
Cobertura;Transplante de Cornea;Cobertura/Medicamentos
Cobertura;Transporte - A prestaciones no cubiertas;Discapacidad
Cobertura;Transporte - Franquicia ley 19.279;Discapacidad
Cobertura;Transporte - Mayor Kilometraje;Discapacidad
Cobertura;Transporte - Valor mayor al nomenclador;Discapacidad
Cobertura;Transporte y hospedaje;Cobertura/Medicamentos
Cobertura;Traslado sanitario;Cobertura/Medicamentos
Cobro de pesos;Cobro de pesos;Otros
Fraude;Prestadores en consumos;Otros
Medicamentos de Alta Complejidad- MAC;ABELCET - ANFOTERICINA B COMPLEJO LIPiDICO;Cobertura/Medicamentos
Medicamentos de Alta Complejidad- MAC;ADCETRIS - BRENTUXIMAB VEDOTIN;Cobertura/Medicamentos
Medicamentos de Alta Complejidad- MAC;AMIFAMPRIDINA - FIRDAPSE;Cobertura/Medicamentos
Medicamentos de Alta Complejidad- MAC;Amvuttra - Vutrisiran;Cobertura/Medicamentos
Medicamentos de Alta Complejidad- MAC;ANAKINRA - KINERET;Cobertura/Medicamentos
Medicamentos de Alta Complejidad- MAC;ANTIXAN - EDARAVONA;Cobertura/Medicamentos
Medicamentos de Alta Complejidad- MAC;ASTRODIL - ABIRATERONA,ACETATO;Cobertura/Medicamentos
Medicamentos de Alta Complejidad- MAC;ATALUREN - TRANSLARNA (ATALURENO);Cobertura/Medicamentos
Medicamentos de Alta Complejidad- MAC;BAVENCIO - AVELUMAB;Cobertura/Medicamentos
Medicamentos de Alta Complejidad- MAC;BESREMI - ROPEGINTERFERON ALFA - 2B - NJFT;Cobertura/Medicamentos
Medicamentos de Alta Complejidad- MAC;BETULINA /AC BETULINICO /ERITRODIOL /LUPEOL /AC OLEANOLICO - FILSUVEZ GEL;Cobertura/Medicamentos
Medicamentos de Alta Complejidad- MAC;BLINCYTO - BLINATUMOMAB;Cobertura/Medicamentos
Medicamentos de Alta Complejidad- MAC;BORATER - BORTEZOMIB;Cobertura/Medicamentos
Medicamentos de Alta Complejidad- MAC;BRIDUL - TOBRAMICINA;Cobertura/Medicamentos
Medicamentos de Alta Complejidad- MAC;BUROSUMAB - CRYSVITA 10;Cobertura/Medicamentos
Medicamentos de Alta Complejidad- MAC;CAMZYOS - MAVACAMTEN;Cobertura/Medicamentos
Medicamentos de Alta Complejidad- MAC;Canakinumab - Ilaris;Cobertura/Medicamentos
Medicamentos de Alta Complejidad- MAC;CARBAGLU - ACIDO CARGLUMICO;Cobertura/Medicamentos
Medicamentos de Alta Complejidad- MAC;CIELDOM - INMUNOGLOBULINA HUMANA;Cobertura/Medicamentos
Medicamentos de Alta Complejidad- MAC;CONVUPIDIOL - CANNABIDIOL;Cobertura/Medicamentos
Medicamentos de Alta Complejidad- MAC;DARZALEX/DARATUMUMAB;Cobertura/Medicamentos
Medicamentos de Alta Complejidad- MAC;DUPIXENT - DUPILIMAB;Cobertura/Medicamentos
Medicamentos de Alta Complejidad- MAC;EDARACUT - EDARAVONA;Cobertura/Medicamentos
Medicamentos de Alta Complejidad- MAC;ELEXACAFTOR TEZACAFTOR IVACAFTOR - TRIKAFTA;Cobertura/Medicamentos
Medicamentos de Alta Complejidad- MAC;Emicizumab - Hemlibra;Cobertura/Medicamentos
Medicamentos de Alta Complejidad- MAC;Enfortumab vedotina - PADCEV;Cobertura/Medicamentos
Medicamentos de Alta Complejidad- MAC;ENTYVIO - VEDOLIZUMAB;Cobertura/Medicamentos
Medicamentos de Alta Complejidad- MAC;ERBITUX - CETUXIMAB;Cobertura/Medicamentos
Medicamentos de Alta Complejidad- MAC;ERLEADA - APALUTAMIDA;Cobertura/Medicamentos
Medicamentos de Alta Complejidad- MAC;ESBRIET - PIRFENIDONA;Cobertura/Medicamentos
Medicamentos de Alta Complejidad- MAC;ESGRINIL - PIRFENIDONA;Cobertura/Medicamentos
Medicamentos de Alta Complejidad- MAC;ESKETAMINA - SPRAVATO;Cobertura/Medicamentos
Medicamentos de Alta Complejidad- MAC;ESTIRIPENTOL - DIACOMINT;Cobertura/Medicamentos
Medicamentos de Alta Complejidad- MAC;FEINARDON - TETRABENAZINA;Cobertura/Medicamentos
Medicamentos de Alta Complejidad- MAC;FENILBUTIRATO DE SODIO Y TAURURSODIOL - RELYVRIO;Cobertura/Medicamentos
Medicamentos de Alta Complejidad- MAC;IMBRUVICA - IBRUTINIB;Cobertura/Medicamentos
Medicamentos de Alta Complejidad- MAC;Imjudo - Tremelimumab;Cobertura/Medicamentos
Medicamentos de Alta Complejidad- MAC;INDAFERIL - SORAFENIB;Cobertura/Medicamentos
Medicamentos de Alta Complejidad- MAC;ITERBIL - AZACITIDINA;Cobertura/Medicamentos
Medicamentos de Alta Complejidad- MAC;KANBIS - CANNABIDIOL;Cobertura/Medicamentos
Medicamentos de Alta Complejidad- MAC;KEYTRUDA - PEMBROLIZUMAB;Cobertura/Medicamentos
Medicamentos de Alta Complejidad- MAC;LEQEMBI - LECANEMAB - IRMB;Cobertura/Medicamentos
Medicamentos de Alta Complejidad- MAC;LUMAKRASR - SOTORASIB;Cobertura/Medicamentos
Medicamentos de Alta Complejidad- MAC;LUTECIO 177 - LU - DOTATATE;Cobertura/Medicamentos
Medicamentos de Alta Complejidad- MAC;MARALIXIBAT - LIVMARLI;Cobertura/Medicamentos
Medicamentos de Alta Complejidad- MAC;MAVENCLAD - CLADRIBINA;Cobertura/Medicamentos
Medicamentos de Alta Complejidad- MAC;MIDALUNE -  - ENZALUTAMIDA;Cobertura/Medicamentos
Medicamentos de Alta Complejidad- MAC;MISOFAGAN - PIRFENIDONA;Cobertura/Medicamentos
Medicamentos de Alta Complejidad- MAC;MYALEPT - METRELEPTINA;Cobertura/Medicamentos
Medicamentos de Alta Complejidad- MAC;OCREVUS - OCRELIZUMAB;Cobertura/Medicamentos
Medicamentos de Alta Complejidad- MAC;OFANIR - NINTEDANIB;Cobertura/Medicamentos
Medicamentos de Alta Complejidad- MAC;OFEV - NINTEDANIB;Cobertura/Medicamentos
Medicamentos de Alta Complejidad- MAC;ONASEMNOGENE ABEPARVOVEC - ZOLGENSMA;Cobertura/Medicamentos
Medicamentos de Alta Complejidad- MAC;Ongentys - Opicapona;Cobertura/Medicamentos
Medicamentos de Alta Complejidad- MAC;OPSUMIT - MACITENTAN;Cobertura/Medicamentos
Medicamentos de Alta Complejidad- MAC;PERFORMA - PIRFENIDONA;Cobertura/Medicamentos
Medicamentos de Alta Complejidad- MAC;PIRDON - PIRFENIDONA;Cobertura/Medicamentos
Medicamentos de Alta Complejidad- MAC;PIRFEMAX - PIRFENIDONA;Cobertura/Medicamentos
Medicamentos de Alta Complejidad- MAC;POLIVY - POLATUZUMAB VEDOTINA;Cobertura/Medicamentos
Medicamentos de Alta Complejidad- MAC;QARZIBA - DINUTUXIMAB;Cobertura/Medicamentos
Medicamentos de Alta Complejidad- MAC;REBLOZYL - LUSPATERCEPT;Cobertura/Medicamentos
Medicamentos de Alta Complejidad- MAC;REMODULIN - TREPROSTINIL;Cobertura/Medicamentos
Medicamentos de Alta Complejidad- MAC;REVESTIVE - TEDUGLUTIDA;Cobertura/Medicamentos
Medicamentos de Alta Complejidad- MAC;RISDIPLAM - EVRISDY;Cobertura/Medicamentos
Medicamentos de Alta Complejidad- MAC;RYBREVANT - AMIVANTAMAB;Cobertura/Medicamentos
Medicamentos de Alta Complejidad- MAC;SACITUZUMAB GOVITECaN - TRODELVY;Cobertura/Medicamentos
Medicamentos de Alta Complejidad- MAC;Satralizumab - Enspryng;Cobertura/Medicamentos
Medicamentos de Alta Complejidad- MAC;SELUMETINIB - KOSELUGO;Cobertura/Medicamentos
Medicamentos de Alta Complejidad- MAC;SKYCLARYS - OMAVELOXOLONE;Cobertura/Medicamentos
Medicamentos de Alta Complejidad- MAC;SOLIRIS - ECULIZUMAB;Cobertura/Medicamentos
Medicamentos de Alta Complejidad- MAC;SPINRAZA - NUSINERSEN;Cobertura/Medicamentos
Medicamentos de Alta Complejidad- MAC;STELARA - USTEKINUMAB;Cobertura/Medicamentos
Medicamentos de Alta Complejidad- MAC;Tafamidis;Cobertura/Medicamentos
Medicamentos de Alta Complejidad- MAC;TECVAYLI - TECLISTAMAB;Cobertura/Medicamentos
Medicamentos de Alta Complejidad- MAC;TERFANIB - TOFACITINIB;Cobertura/Medicamentos
Medicamentos de Alta Complejidad- MAC;THC CBD - SATIVEX;Cobertura/Medicamentos
Medicamentos de Alta Complejidad- MAC;TIBSOVO - IVOSIDENIB;Cobertura/Medicamentos
Medicamentos de Alta Complejidad- MAC;TOLKISTAN (TOLVAPTAN) - TOLVAPTAN;Cobertura/Medicamentos
Medicamentos de Alta Complejidad- MAC;TRASTUZUMAB/DERUXTECAN - ENHERTU;Cobertura/Medicamentos
Medicamentos de Alta Complejidad- MAC;TREXONIL - TREPROSTINIL;Cobertura/Medicamentos
Medicamentos de Alta Complejidad- MAC;TRILEXA - ELEXACAFTOR TEZACAFTOR IVACAFTOR;Cobertura/Medicamentos
Medicamentos de Alta Complejidad- MAC;TRIXACAR - ELEXACAFTOR TEZACAFTOR IVACAFTOR;Cobertura/Medicamentos
Medicamentos de Alta Complejidad- MAC;TUKYSA - TUCATINIB;Cobertura/Medicamentos
Medicamentos de Alta Complejidad- MAC;TYVASO - TREPROSTINIL;Cobertura/Medicamentos
Medicamentos de Alta Complejidad- MAC;ULTOMIRIS - RAVULIZUMAB;Cobertura/Medicamentos
Medicamentos de Alta Complejidad- MAC;VAUXIMIDA - POMALIDOMIDA;Cobertura/Medicamentos
Medicamentos de Alta Complejidad- MAC;VOSORITIDE - VOXZOGO;Cobertura/Medicamentos
Medicamentos de Alta Complejidad- MAC;VYNDAMAX - TAFAMIDIS;Cobertura/Medicamentos
Medicamentos de Alta Complejidad- MAC;VYNDAQEL - TAFAMIDIS;Cobertura/Medicamentos
Medicamentos de Alta Complejidad- MAC;Welireg - Belzutifan;Cobertura/Medicamentos
Medicamentos de Alta Complejidad- MAC;ZANTERIB - CABOZANTINIB;Cobertura/Medicamentos
Medicamentos de Alta Complejidad- MAC;ZYTIGA - ABIRATERONA,ACETATO;Cobertura/Medicamentos
Medicamentos- NO MAC;Adalimumab;Cobertura/Medicamentos
Medicamentos- NO MAC;Alto Costo;Cobertura/Medicamentos
Medicamentos- NO MAC;Cellcept/Micofenolato;Cobertura/Medicamentos
Medicamentos- NO MAC;ENOXAPARINA, HEPARINA, HEXOPARINA;Cobertura/Medicamentos
Medicamentos- NO MAC;Hormona de crecimiento;Cobertura/Medicamentos
Medicamentos- NO MAC;Humira AC;Cobertura/Medicamentos
Medicamentos- NO MAC;Leche Medicamentosa/Maternizada;Cobertura/Medicamentos
Medicamentos- NO MAC;Medicacion Hepatitis C;Cobertura/Medicamentos
Medicamentos- NO MAC;Medicacion Oncologica;Cobertura/Medicamentos
Medicamentos- NO MAC;Medicamento NO PMO - Otros;Cobertura/Medicamentos
Medicamentos- NO MAC;OZEMPIC/SAXENDA;Cobertura/Medicamentos
Medicamentos- NO MAC;Practica no PMO - FIV - Medicamentos 40%;Cobertura/Medicamentos
Medicamentos- NO MAC;SAIZEN - SOMATOTROFINA;Cobertura/Medicamentos
Medicamentos- NO MAC;Trikafta;Cobertura/Medicamentos
Praxis;Anestesiologia;Cobertura/Medicamentos
Praxis;Cardiologia;Cobertura/Medicamentos
Praxis;Cirugia estetica;Cobertura/Medicamentos
Praxis;Cirugia general;Cobertura/Medicamentos
Praxis;Clinica medica;Cobertura/Medicamentos
Praxis;Dermatologia;Cobertura/Medicamentos
Praxis;Descripcion;Cobertura/Medicamentos
Praxis;Diagnostico por imagenes;Cobertura/Medicamentos
Praxis;Endocrinologia;Cobertura/Medicamentos
Praxis;Flebologia;Cobertura/Medicamentos
Praxis;Gastroenterologia;Cobertura/Medicamentos
Praxis;Ginecologia;Cobertura/Medicamentos
Praxis;Guardia medica;Cobertura/Medicamentos
Praxis;Hematologia;Cobertura/Medicamentos
Praxis;Infectologia;Cobertura/Medicamentos
Praxis;Internacion;Cobertura/Medicamentos
Praxis;Laboratorio;Cobertura/Medicamentos
Praxis;Nefrologia;Cobertura/Medicamentos
Praxis;Neumonologia;Cobertura/Medicamentos
Praxis;Neurocirugia;Cobertura/Medicamentos
Praxis;Neurologia;Cobertura/Medicamentos
Praxis;No corresponde especialidad;Cobertura/Medicamentos
Praxis;Obstetricia;Cobertura/Medicamentos
Praxis;Odontologia;Cobertura/Medicamentos
Praxis;Oftalmologia;Cobertura/Medicamentos
Praxis;Ortopedia y traumatologia;Cobertura/Medicamentos
Praxis;Otorrinolaringologia;Cobertura/Medicamentos
Praxis;Patologia mamaria;Cobertura/Medicamentos
Praxis;Pediatria;Cobertura/Medicamentos
Praxis;Psiquiatria;Cobertura/Medicamentos
Praxis;Responsabilidad Profesional;Cobertura/Medicamentos
Praxis;Urgencias;Cobertura/Medicamentos
Praxis;Urologia/proctologia;Cobertura/Medicamentos
Psicopatologia;Evaluacion interdisciplinaria;Otros
Psicopatologia;Revinculacion;Otros
